"timestamp","rainfall_intensity_mm_h","water_level_m","soil_moisture_percent"
2025-01-01,0,1.13654526085543,16.901268262871
2025-01-01 00:05:00,0,1.27047512543405,28.4966234104025
2025-01-01 00:10:00,0,1.05935932317567,24.1693205124105
2025-01-01 00:15:00,0.0448734559407309,1.14286556171001,37.6360612551698
2025-01-01 00:20:00,0,4,53.4752143981553
2025-01-01 00:25:00,0.937878598059133,0.823879230019061,58.523030874958
2025-01-01 00:30:00,2.36077868198522,0.497182076227818,45.2826734721041
2025-01-01 00:35:00,2.15852405505204,0.29076711039055,27.7805180363102
2025-01-01 00:40:00,6.26398941092241,1.36644549967662,22.1885248736455
2025-01-01 00:45:00,0,2.61503548838709,24.8453502718082
2025-01-01 00:50:00,1.15954256295157,1.8955112197948,21.4271495263367
2025-01-01 00:55:00,1.4838116500257,1.58204563657828,27.1425525836785
2025-01-01 01:00:00,2.00161500056244,1.25260021825903,23.6692408734227
2025-01-01 01:05:00,3.37891552984743,0.648791614719569,12.4595205211325
2025-01-01 01:10:00,4.15110047594228,0.618205967508283,29.807142234992
2025-01-01 01:15:00,9.5531453284316,0.344270239300589,33.772213304614
2025-01-01 01:20:00,3.85101911369235,0.097243936544504,12.2390066031939
2025-01-01 01:25:00,3.20277684246045,0.0774142770902912,12.2679142187092
2025-01-01 01:30:00,4.18278538941539,0.0888503125444277,5.85108237827137
2025-01-01 01:35:00,1.6162114720094,0.528752449421422,9.15113746319813
2025-01-01 01:40:00,0.548569844704231,0.263962378737684,13.5093846239484
2025-01-01 01:45:00,0,0.399536484944337,14.9299081172102
2025-01-01 01:50:00,0.347911490720147,0.689639404205682,13.6410307349595
2025-01-01 01:55:00,0.849320519321686,1.0472360348269,16.4442284069113
2025-01-01 02:00:00,0.621987262495327,0.690975642487355,46.0586350674017
2025-01-01 02:05:00,0,1.30033694776989,3.5084708679089
2025-01-01 02:10:00,0,1.37765801202231,41.1790635721879
2025-01-01 02:15:00,0.0933104604449927,0.921109620371935,40.6647528761892
2025-01-01 02:20:00,0,0.301830344268612,55.7517997039934
2025-01-01 02:25:00,0,0.881092268169926,64.7372754454226
2025-01-01 02:30:00,0,0.422079678016157,33.7806782168933
2025-01-01 02:35:00,0,1.28647593897336,50.2192297824183
2025-01-01 02:40:00,0,0.671728746966689,47.7913167224648
2025-01-01 02:45:00,0,1.0805033197868,44.0146501116076
2025-01-01 02:50:00,0,0.756235912052064,24.1337597915499
2025-01-01 02:55:00,0,0.237715940892758,10.7281275987893
2025-01-01 03:00:00,0,0.604772922037965,18.9130025903206
2025-01-01 03:05:00,0,0.148367795489325,71.7319818805915
2025-01-01 03:10:00,0,0.0886072176749659,36.340717901537
2025-01-01 03:15:00,0,0.0690384230428406,33.4643707478856
2025-01-01 03:20:00,0,0.0981204432351956,29.1173709267719
2025-01-01 03:25:00,0,0.0641085932165137,60.8782530396452
2025-01-01 03:30:00,0,0.131406125280645,55.718730296181
2025-01-01 03:35:00,0.719954811965228,0.0678127399596881,32.8858813429179
2025-01-01 03:40:00,0.0907547786472076,0.0567717831951337,52.7927809771484
2025-01-01 03:45:00,0,0.237043610585446,50.5297553694207
2025-01-01 03:50:00,0,0.760912768427952,49.9668022038768
2025-01-01 03:55:00,0,0.0888119633584168,62.2329077657522
2025-01-01 04:00:00,0,0.266072331587921,39.6508410085576
2025-01-01 04:05:00,0,0.901488193815803,60.5513025444646
2025-01-01 04:10:00,0,0.291699787625895,13.5471351808715
2025-01-01 04:15:00,0,0.428690022125079,9.07178084726821
2025-01-01 04:20:00,0,0.335803686053665,19.8811308851776
2025-01-01 04:25:00,0.500968237875745,0.288025944443154,22.2992722841916
2025-01-01 04:30:00,0.941021468391422,0.459186489859404,6.40020314555443
2025-01-01 04:35:00,5.45463119050859,0.49274917003082,12.2511519248631
2025-01-01 04:40:00,1.62907911075654,0.134822042311561,7.80516505846334
2025-01-01 04:45:00,5.99757524443256,0.686345744514333,38.0583763799589
2025-01-01 04:50:00,10.4741099346817,0.233347498254573,25.6875449331116
2025-01-01 04:55:00,6.5567082498006,0.739229017104479,11.6194905992678
2025-01-01 05:00:00,3.41071101935589,0.324516118148845,35.1254488977935
2025-01-01 05:05:00,3.83066569280458,0.277522826745042,38.5576314736042
2025-01-01 05:10:00,1.57669799841063,0.107876059637081,15.5487543602556
2025-01-01 05:15:00,2.79057471291326,0.290400762574011,27.6559945800515
2025-01-01 05:20:00,0.141446235540784,0.320497118035083,25.3669484533721
2025-01-01 05:25:00,0.370522548307767,0.0503549645070633,13.3231361319524
2025-01-01 05:30:00,0,0.0906446191250246,29.752034276812
2025-01-01 05:35:00,0,0.143895788810936,58.4485777178349
2025-01-01 05:40:00,0,0.10313854256451,36.5350981606173
2025-01-01 05:45:00,0.0572579561376757,0.759170798171401,77.9843564372776
2025-01-01 05:50:00,1.43855004184311,0.143862365511097,77.571944313441
2025-01-01 05:55:00,0.540349397646203,0.299870005793585,60.117235549322
2025-01-01 06:00:00,0,0.528020998941095,40.5309481478587
2025-01-01 06:05:00,0,0.0423240485855059,10.3035774051713
2025-01-01 06:10:00,2.19464283026934,0.160806907286832,13.7751066391309
2025-01-01 06:15:00,1.8201340633659,0.0366552437755884,32.0781352027791
2025-01-01 06:20:00,1.43439913044075,0.0762829996191027,48.5935525367463
2025-01-01 06:25:00,0.795543869844189,0.115293722451523,41.2405263694888
2025-01-01 06:30:00,0,0.342596490243191,52.0728220025507
2025-01-01 06:35:00,0,1.54926319573224,75.6292092269351
2025-01-01 06:40:00,0,0.118542027638301,62.3842723688876
2025-01-01 06:45:00,0,0.167826687878179,72.9738697354562
2025-01-01 06:50:00,0,0.121344954227151,45.890315748677
2025-01-01 06:55:00,0,0.117481768614763,25.4808032869665
2025-01-01 07:00:00,0,0.0445985635667027,40.1987196624487
2025-01-01 07:05:00,0,0.0720390610190552,31.6935296301495
2025-01-01 07:10:00,0,0.323117065437893,45.2002398586963
2025-01-01 07:15:00,0,0.452475635401612,34.6335144312468
2025-01-01 07:20:00,0,0.29096403924537,26.9255404067661
2025-01-01 07:25:00,0,0.989242931023573,11.9308078357544
2025-01-01 07:30:00,0,0.306367913374967,18.4409771121662
2025-01-01 07:35:00,0,0.0318614234383997,18.8120818412931
2025-01-01 07:40:00,0,2.78849671376021e-05,13.2173161417974
2025-01-01 07:45:00,0,0,5.67841201823098
2025-01-01 07:50:00,0,0.0612993271531041,19.994907900443
2025-01-01 07:55:00,0,0.0183210374667033,8.44697571834877
2025-01-01 08:00:00,0,0.122941557030154,19.849385620466
2025-01-01 08:05:00,0,0.349868026100799,23.5221427894389
2025-01-01 08:10:00,0,0.0563498429356021,24.5397140332381
2025-01-01 08:15:00,4.8285976864267,0.239498300882896,50.2301162705459
2025-01-01 08:20:00,0.800408937937748,0.378836906995201,52.6930485363295
2025-01-01 08:25:00,0,0.447841232123574,34.2017419981156
2025-01-01 08:30:00,0,0.179745670040675,30.2660917004275
2025-01-01 08:35:00,0.401162504104203,0.0697963944051732,11.5313992108066
2025-01-01 08:40:00,0,0.105798867703549,28.0604007403647
2025-01-01 08:45:00,0,0.077729977851003,23.6191721297545
2025-01-01 08:50:00,0,0.479363315809934,39.1613961609098
2025-01-01 08:55:00,0,0.614040533729075,42.1701804428501
2025-01-01 09:00:00,0,0.197321148870061,37.7290031589437
2025-01-01 09:05:00,0,1.57045541292693,58.048221054065
2025-01-01 09:10:00,0,0.835436000934601,67.0474346938317
2025-01-01 09:15:00,0,0.391550840315921,27.2333809477784
2025-01-01 09:20:00,0,0.0754738913907259,40.1107381942096
2025-01-01 09:25:00,0,0.539429308403267,66.3271807218714
2025-01-01 09:30:00,0,0.270754498685693,42.6773740830946
2025-01-01 09:35:00,0,0.604343072594006,39.463499276956
2025-01-01 09:40:00,0,0.979659216051455,38.1447472824526
2025-01-01 09:45:00,0,0.677534221812043,36.4352822248382
2025-01-01 09:50:00,0,0.154062190837125,38.1125621504237
2025-01-01 09:55:00,0,0.719229539192162,35.3574555944335
2025-01-01 10:00:00,0,0.145328152868323,30.8278988426443
2025-01-01 10:05:00,0,0.599795253647063,20.3554325075744
2025-01-01 10:10:00,1.38824906415004,0.81434275479391,22.9716821026585
2025-01-01 10:15:00,0,0.677441521429001,7.5004354517644
2025-01-01 10:20:00,0,0.0865673850414236,26.98486178429
2025-01-01 10:25:00,0,0.398907110601791,31.8788535402747
2025-01-01 10:30:00,0,0.919946683158101,18.3308075110036
2025-01-01 10:35:00,0,0.230842809779439,37.9708685842125
2025-01-01 10:40:00,0,0.289205988750321,28.3945698298098
2025-01-01 10:45:00,0,1.28441704896617,55.8018072974514
2025-01-01 10:50:00,0,0.75188812590565,56.9757456943193
2025-01-01 10:55:00,0,0.420551046695263,41.1872510403142
2025-01-01 11:00:00,0.180150238688006,0.19775280393695,55.9401561525676
2025-01-01 11:05:00,0,0.894528860014178,56.9717703950017
2025-01-01 11:10:00,0,0.321749491774627,69.170596436914
2025-01-01 11:15:00,0,0.483852690417263,62.1073139428233
2025-01-01 11:20:00,0,0.979227780239592,53.3594499249934
2025-01-01 11:25:00,0,0.806427045418573,49.7415553729669
2025-01-01 11:30:00,0,0.875436571081136,39.7495850100649
2025-01-01 11:35:00,0,0.582736142965919,17.9555003349596
2025-01-01 11:40:00,0,0.489772607355236,12.6816214111342
2025-01-01 11:45:00,0,0.198401119783293,23.511437469168
2025-01-01 11:50:00,0,1.0811626287392,7.79695432894635
2025-01-01 11:55:00,0,0.644032944663934,18.2439479703737
2025-01-01 12:00:00,0,0.723478535760141,17.1209499276727
2025-01-01 12:05:00,0,2.58083605239335,22.8140337188377
2025-01-01 12:10:00,0,3.31788159088952,30.0639247198745
2025-01-01 12:15:00,0,1.86962152645947,9.50890696805296
2025-01-01 12:20:00,0,1.25845349707357,23.0582639733512
2025-01-01 12:25:00,0,1.24835470555293,34.9484095785692
2025-01-01 12:30:00,0,1.37559158114443,11.4240379519747
2025-01-01 12:35:00,0,0.685074285226371,22.2523708925994
2025-01-01 12:40:00,0,0.537045746729553,20.4018814714528
2025-01-01 12:45:00,0,1.17954059340647,44.7999759876487
2025-01-01 12:50:00,0,2.12748728334106,16.6232611366484
2025-01-01 12:55:00,0,2.07513551695153,19.0061079407481
2025-01-01 13:00:00,0,1.10915179443291,14.5679367288998
2025-01-01 13:05:00,0,1.15734842281232,37.9880379492913
2025-01-01 13:10:00,0,0.451298936828799,24.2836711802899
2025-01-01 13:15:00,0,0.352596626764293,6.09591114906779
2025-01-01 13:20:00,0.0118852422722014,0.766951834033377,12.099090384462
2025-01-01 13:25:00,0,1.20833009651967,24.980378601413
2025-01-01 13:30:00,0,0.469403817045815,19.9983351411267
2025-01-01 13:35:00,0,0.777771511441846,9.58072448277914
2025-01-01 13:40:00,0,0.602301319680512,16.7300385030575
2025-01-01 13:45:00,0,0.709466413277927,66.4592425776191
2025-01-01 13:50:00,0.307733361809964,0.580811056460489,45.3825888496242
2025-01-01 13:55:00,0,1.6430921452483,41.4749364668624
2025-01-01 14:00:00,0,1.77610816797743,55.4817754737178
2025-01-01 14:05:00,0,1.05145587352962,15.4945567271265
2025-01-01 14:10:00,0,2.37300773571242,15.8859311221257
2025-01-01 14:15:00,0,1.28730478398096,18.9865572773771
2025-01-01 14:20:00,0,0.311900190429675,50.414333732163
2025-01-01 14:25:00,0,0.736736492738881,32.1892620725525
2025-01-01 14:30:00,0,0.77777904219459,18.4302114731319
2025-01-01 14:35:00,0,0.796212211991987,34.9108042339654
2025-01-01 14:40:00,0,0.469635823380356,27.7041163870095
2025-01-01 14:45:00,0,0.739182946624997,57.7934661021841
2025-01-01 14:50:00,0,1.38759686552282,37.598253692045
2025-01-01 14:55:00,0,2.44924252560067,47.5748470301235
2025-01-01 15:00:00,0,2.49616866885963,37.6554741981022
2025-01-01 15:05:00,0,0.566976858785383,21.4711516171517
2025-01-01 15:10:00,0,0.84954511798484,13.0124383360151
2025-01-01 15:15:00,0.802868566261808,1.29970886982728,24.2232257576365
2025-01-01 15:20:00,0,1.1834619455149,16.0288210128009
2025-01-01 15:25:00,1.60909111644388,0.3062602508627,17.1410083671829
2025-01-01 15:30:00,0.594053058480646,0.0214130490436306,7.55418582641644
2025-01-01 15:35:00,0.194708601496269,0.100007560208827,8.79982746265078
2025-01-01 15:40:00,0,0.0386587300266642,11.5664987708161
2025-01-01 15:45:00,0,0.386246237889798,39.924005626792
2025-01-01 15:50:00,0,0.289265472706954,33.8308458711384
2025-01-01 15:55:00,0,1.47203400179005,13.3900853299569
2025-01-01 16:00:00,0,0.487725810839994,26.3681618827466
2025-01-01 16:05:00,0,0.525924663844589,16.3944329460208
2025-01-01 16:10:00,0,0.841724958199181,28.030594115226
2025-01-01 16:15:00,0,1.10504155758604,22.6798451623227
2025-01-01 16:20:00,0.270773077043523,2.05390862438968,20.3808538040621
2025-01-01 16:25:00,1.06926297352681,0.904875178643041,38.7723187145947
2025-01-01 16:30:00,0,0.743627598367574,30.4180822019035
2025-01-01 16:35:00,0,0.655839048865518,10.4455446017784
2025-01-01 16:40:00,0,0.672994117634255,29.1865957592747
2025-01-01 16:45:00,0,0.850673718198568,33.5875973230009
2025-01-01 16:50:00,0,0.932880603413204,16.0658853432711
2025-01-01 16:55:00,0,1.72898385794209,23.2538535957803
2025-01-01 17:00:00,0,0.341312565488256,10.0263053129043
2025-01-01 17:05:00,0.334384773424855,0.409608571423095,17.9759099421034
2025-01-01 17:10:00,0,0.10926346815777,26.6360095953214
2025-01-01 17:15:00,0.0856753380931116,0.202108035077356,21.2443169093208
2025-01-01 17:20:00,0,0.367633576722882,6.52151171923096
2025-01-01 17:25:00,0,0.112467525456767,14.3092503165549
2025-01-01 17:30:00,0,0.0912016665994076,25.847887091304
2025-01-01 17:35:00,0,0.146320160382533,43.2563393665504
2025-01-01 17:40:00,0,0.126136091813658,49.102135596625
2025-01-01 17:45:00,0,0.22216437414805,30.3705930601441
2025-01-01 17:50:00,0,0.301594268457616,13.7713302544996
2025-01-01 17:55:00,0,1.3794320707856,7.75386050832234
2025-01-01 18:00:00,0,0.491213409645082,18.1459463307863
2025-01-01 18:05:00,0,0.033193033323602,16.5203659213901
2025-01-01 18:10:00,0,0.818239759232017,6.26757393122231
2025-01-01 18:15:00,0,0.521008430857282,5.92410150676964
2025-01-01 18:20:00,0,0.544882465730966,9.24887766707246
2025-01-01 18:25:00,0,0.0877006435212742,3.92746846889889
2025-01-01 18:30:00,0.186487021982607,0.129128943719732,5.96975603403218
2025-01-01 18:35:00,1.05439097508873,0.0920575012664866,8.10870877979108
2025-01-01 18:40:00,1.37847335651371,0.16122708268041,11.7375429680935
2025-01-01 18:45:00,0,0.00443295426946607,16.6448665565129
2025-01-01 18:50:00,0,0.0222267554635068,30.1807354345191
2025-01-01 18:55:00,0,0.0559330341414276,54.9335455454075
2025-01-01 19:00:00,0,0.0188334713713269,23.891929310196
2025-01-01 19:05:00,0,0.00140303631823852,12.9782966506027
2025-01-01 19:10:00,0,0.144300583808943,37.9365485260959
2025-01-01 19:15:00,0,0.0883999364010637,30.455572983244
2025-01-01 19:20:00,0,0.264678242277056,19.3307006692394
2025-01-01 19:25:00,0,0.256085312441413,14.1367340501361
2025-01-01 19:30:00,0,0.070603774134674,9.03975735281303
2025-01-01 19:35:00,0,0.188613826407268,25.5569244039493
2025-01-01 19:40:00,0,0.358316520610783,20.0605111920381
2025-01-01 19:45:00,0.532217081468628,0.914135566934981,20.5862727308566
2025-01-01 19:50:00,0,0.590185950048566,19.5742498219489
2025-01-01 19:55:00,0,0.961240060551706,14.4390054702175
2025-01-01 20:00:00,1.58179026033371,0.258932844336742,15.9713831370887
2025-01-01 20:05:00,0.41538896714578,0.873722442500156,13.8971607153085
2025-01-01 20:10:00,0,1.32233113667659,55.2805621183087
2025-01-01 20:15:00,0,0.582835764897031,35.774378527238
2025-01-01 20:20:00,0,0.757714305607139,25.5948447324539
2025-01-01 20:25:00,0,0.396012890054544,18.9322996645973
2025-01-01 20:30:00,0,0.572367350763677,8.06158458533321
2025-01-01 20:35:00,0,0.560301500746356,11.7537191126873
2025-01-01 20:40:00,0,0.386882506069274,18.3645703717187
2025-01-01 20:45:00,0,0.245247682390185,23.255419856461
2025-01-01 20:50:00,0,0.22863904389764,19.0636017354993
2025-01-01 20:55:00,0,0.0153520281442225,12.0712318836713
2025-01-01 21:00:00,0,0.717835167127036,13.828135834882
2025-01-01 21:05:00,0,0.211401278377608,6.99359672550781
2025-01-01 21:10:00,0,0.274518317003033,6.40845160362141
2025-01-01 21:15:00,0,0.548762384919459,11.3555064079194
2025-01-01 21:20:00,0,0.59958035424012,3.89956609493459
2025-01-01 21:25:00,0,0.185298206822382,27.5188663331205
2025-01-01 21:30:00,0,0.748744073527528,38.2727720290751
2025-01-01 21:35:00,0,0.204887040406289,42.4397863219957
2025-01-01 21:40:00,0,0.667995535586238,51.3916679025454
2025-01-01 21:45:00,0,0.104875947685132,20.945782499508
2025-01-01 21:50:00,0,0.146588347681952,16.9784770752957
2025-01-01 21:55:00,0,0.510650042045499,27.5392933580534
2025-01-01 22:00:00,0,0.0225752085948695,25.3465221305368
2025-01-01 22:05:00,0,0.399973090472821,36.8017355774928
2025-01-01 22:10:00,0,0.0788971426716618,47.4858379028829
2025-01-01 22:15:00,0,0.2184418493548,29.7209671962238
2025-01-01 22:20:00,0,0.181734754828974,20.449852558428
2025-01-01 22:25:00,0,0.241180945762326,29.540451486428
2025-01-01 22:30:00,0,0.808061724241772,24.8915330777399
2025-01-01 22:35:00,0,0.432808247877172,6.45473459668379
2025-01-01 22:40:00,0,0.691076772590341,11.6343172597782
2025-01-01 22:45:00,0,0.0491088377742482,13.0861153439761
2025-01-01 22:50:00,0.387859391723344,0.217769097499776,8.07536308854946
2025-01-01 22:55:00,0.172398867066845,0.0753426496688973,14.6466817319997
2025-01-01 23:00:00,0.629683616988161,0.0772935597831246,4.25851446733302
2025-01-01 23:05:00,0,0.012489123023594,22.1974609041795
2025-01-01 23:10:00,0.779260423909715,0.220190271603721,11.8672798825357
2025-01-01 23:15:00,0.546406048200712,0.467588459375119,29.1449338292879
2025-01-01 23:20:00,0,0.0479751758587759,25.9250772263591
2025-01-01 23:25:00,0,0.00351094975401426,17.4829906796807
2025-01-01 23:30:00,0,0.0137625858780732,37.4087019200363
2025-01-01 23:35:00,0,0.0267147373978917,17.32682781406
2025-01-01 23:40:00,0,0.0138977339937122,26.9268976880023
2025-01-01 23:45:00,0,0.103340665032233,29.1307991083095
2025-01-01 23:50:00,0,0.190280269907085,22.3740767128739
2025-01-01 23:55:00,0,0.167458723132636,59.8840972200899
2025-01-02,0,0.13263148202576,49.1834309226203
2025-01-02 00:05:00,0,0.106516410724484,74.4505593874762
2025-01-02 00:10:00,0,0.000528488763225003,53.7029546503605
2025-01-02 00:15:00,0.0729430551293085,0.0331719749746771,48.0643469058132
2025-01-02 00:20:00,0,0.0106882668956775,21.2277177012758
2025-01-02 00:25:00,0,0.0288455110766162,45.5700633984919
2025-01-02 00:30:00,0,0.368204903921567,24.2898534619878
2025-01-02 00:35:00,0,0.107709476834216,13.6465409031724
2025-01-02 00:40:00,0,0.46158100539685,30.5435652005529
2025-01-02 00:45:00,0,0.334324484319888,34.4001887875897
2025-01-02 00:50:00,0.0621436979823373,0.168960476147463,51.6633215761427
2025-01-02 00:55:00,0,0.192781755645023,18.8171344312326
2025-01-02 01:00:00,0,0.307165053046333,33.686079946469
2025-01-02 01:05:00,0,0.135774542537325,27.4954027521221
2025-01-02 01:10:00,0.659294528976925,0.220032055040126,38.8586686908993
2025-01-02 01:15:00,0,0.0203355268717552,44.9014165324866
2025-01-02 01:20:00,0,0.0941410886072224,54.1090373052637
2025-01-02 01:25:00,0,0.317992377881356,14.6830217074992
2025-01-02 01:30:00,0,0.11806570981616,22.6733781847176
2025-01-02 01:35:00,0,1.06671221054386,21.8939534000489
2025-01-02 01:40:00,0,0.287177542942023,15.1949731700031
2025-01-02 01:45:00,0,1.2195012809598,21.9179819968906
2025-01-02 01:50:00,0,0.922856351105559,23.9728602331187
2025-01-02 01:55:00,0,0.50445524468171,3.78246360275032
2025-01-02 02:00:00,0,0.873892435252588,2.7627629654818
2025-01-02 02:05:00,0,1.52718621365245,2.16474906577248
2025-01-02 02:10:00,0,1.5985804330113,4.33189661294381
2025-01-02 02:15:00,0.250051687078239,1.02984695099744,7.03773126645143
2025-01-02 02:20:00,0,0.720660795285573,55.2484689340166
2025-01-02 02:25:00,0,0.436926650132395,46.6000597710538
2025-01-02 02:30:00,0,0.241750912479022,43.910262816411
2025-01-02 02:35:00,0,0.246817777155394,28.2965844999274
2025-01-02 02:40:00,0.0259431694032486,0.248778673928471,29.8869480364976
2025-01-02 02:45:00,0.700808093969584,0.24095731648432,38.0681374685304
2025-01-02 02:50:00,2.93921569107246,0.962266244736743,18.2819402475161
2025-01-02 02:55:00,0.924663435245302,0.557955219544373,25.7279225802968
2025-01-02 03:00:00,0,0.0702521655891984,24.741333862015
2025-01-02 03:05:00,6.58633205036345,0.552545343293982,16.9193107117378
2025-01-02 03:10:00,2.21504047586814,0.298896936951066,15.9680373468053
2025-01-02 03:15:00,2.04011267240705,0.273757698538368,27.0947153850997
2025-01-02 03:20:00,0.930714262457076,0.0901516638515274,19.5513992150933
2025-01-02 03:25:00,1.55228416436364,0.0684318779015726,33.3433866601333
2025-01-02 03:30:00,0,0.112190611599359,21.8707474703986
2025-01-02 03:35:00,0,0.811008241066581,25.6589751332755
2025-01-02 03:40:00,0,0.81773364506837,5.21001172113198
2025-01-02 03:45:00,0.0363064148934364,0.917271172222057,12.8282431097799
2025-01-02 03:50:00,0.122647463431438,0.24153899600925,31.112616462466
2025-01-02 03:55:00,0.669647129507189,0.35212823165593,11.5018302360665
2025-01-02 04:00:00,0.163218761890902,0.113597449461053,10.679218466126
2025-01-02 04:05:00,0,0.0497293387108361,20.2970569325601
2025-01-02 04:10:00,0.197558502312986,0.237016967820751,16.5062357407428
2025-01-02 04:15:00,0,0.383955448232182,14.1565041357935
2025-01-02 04:20:00,0,0.397999526923396,12.7101981369832
2025-01-02 04:25:00,0,0.293977608637612,13.1909967570416
2025-01-02 04:30:00,0,0.510322302052255,17.0832857374191
2025-01-02 04:35:00,0,0.512452924880791,20.5386402831398
2025-01-02 04:40:00,0.847431165288588,0.479374699992975,71.1002911983199
2025-01-02 04:45:00,2.19264463183066,0.636090617937511,50.4923137202509
2025-01-02 04:50:00,0.523323028186096,0.274260138266231,40.2912600564136
2025-01-02 04:55:00,2.93254322167967,0.144056604813675,30.484583410447
2025-01-02 05:00:00,0.913683474593401,0.146635767899145,47.6524347237947
2025-01-02 05:05:00,2.52594429927189,0.19808995696393,50.2573588211516
2025-01-02 05:10:00,2.48300101065499,0.379901468647777,31.040844672546
2025-01-02 05:15:00,0.650593749495029,0.339193929000711,24.4608345458194
2025-01-02 05:20:00,0.133243044764304,0.429928308854959,20.8320050804143
2025-01-02 05:25:00,0,0.456699018839751,36.8478149499462
2025-01-02 05:30:00,0,0.749890815696684,36.500336302174
2025-01-02 05:35:00,0,0.276168688145691,8.32840333683377
2025-01-02 05:40:00,0,0.637057144198035,43.0692241146331
2025-01-02 05:45:00,0,0.195634737585077,15.713079821733
2025-01-02 05:50:00,0,1.24630086772544,21.2818950752359
2025-01-02 05:55:00,0,1.26340257599439,18.2806233305183
2025-01-02 06:00:00,0,0.347529433065641,18.9525151442724
2025-01-02 06:05:00,0,0.143772704681643,11.8664919666624
2025-01-02 06:10:00,0,0.474793548349577,25.6322958604419
2025-01-02 06:15:00,0,0.461218868763293,7.69689433330982
2025-01-02 06:20:00,0,0.0908103702422032,29.5714202365086
2025-01-02 06:25:00,0,0.501881754586886,14.1663516572602
2025-01-02 06:30:00,0,0.932995937522033,13.5139119049116
2025-01-02 06:35:00,0,0.473347706779182,33.3560350875557
2025-01-02 06:40:00,0,1.7565578657958,14.9828896589887
2025-01-02 06:45:00,0,2.43537269418584,7.24869513652804
2025-01-02 06:50:00,0,0.884811086735168,2.99628549097279
2025-01-02 06:55:00,0,0.861529111976143,12.2231981884968
2025-01-02 07:00:00,0,0.298194681674369,15.4296824735217
2025-01-02 07:05:00,0,0.518079254413239,10.6695924777094
2025-01-02 07:10:00,0,1.19547622814383,13.2960443079241
2025-01-02 07:15:00,0,0.803827026057976,16.1190245259094
2025-01-02 07:20:00,0,0.827663224952878,17.0606669906219
2025-01-02 07:25:00,0,0.672325616062434,28.1349011403713
2025-01-02 07:30:00,0,0.229137285662688,48.4443176776152
2025-01-02 07:35:00,0,0.287596462722253,31.962465578666
2025-01-02 07:40:00,0,0.231592913976205,14.312766379473
2025-01-02 07:45:00,0,0.265304957253285,18.2946377764159
2025-01-02 07:50:00,0,0.296342066509957,16.8224496388085
2025-01-02 07:55:00,0,1.59955944995589,26.3178008204501
2025-01-02 08:00:00,0,0.471060699551673,55.4963105985514
2025-01-02 08:05:00,0,0.491674573745591,48.7667221861228
2025-01-02 08:10:00,0,0.164184985217503,25.9876881833069
2025-01-02 08:15:00,0,0.112984193056978,28.8347415632249
2025-01-02 08:20:00,0,0.305450945832703,32.8875193801377
2025-01-02 08:25:00,0,1.06832737899568,18.267132769331
2025-01-02 08:30:00,0,0.292465897323739,35.0184294211766
2025-01-02 08:35:00,0,0.144843042470868,8.62940554764255
2025-01-02 08:40:00,0,0.28914622243998,10.8309321246553
2025-01-02 08:45:00,0,0.248744662022062,4.49062110121988
2025-01-02 08:50:00,0,0.288858852799786,16.2628040031876
2025-01-02 08:55:00,0,0.12509252636892,21.7246311124521
2025-01-02 09:00:00,0,0.0364618133439077,46.7509634072324
2025-01-02 09:05:00,0.86372134912296,0.108479664459878,41.3295413858481
2025-01-02 09:10:00,1.70952535388688,0.830223524400671,15.0643816241449
2025-01-02 09:15:00,1.1342982127793,0.0992923599715229,33.962087961025
2025-01-02 09:20:00,2.40460826961085,0.063550731082764,45.6131602381782
2025-01-02 09:25:00,0.691805784005462,0.175904280714858,26.866424290342
2025-01-02 09:30:00,2.43616240842703,0.476335108751548,22.7822478963696
2025-01-02 09:35:00,0.548045935215572,0.331462963546218,20.5947757029665
2025-01-02 09:40:00,3.43685342349153,0.0654455338034657,13.8283858698482
2025-01-02 09:45:00,2.02367219866176,0.134406465212821,46.4016615177771
2025-01-02 09:50:00,1.62355789381606,0.538661833078462,27.6690597227897
2025-01-02 09:55:00,4.13912971624638,0.246059832613458,29.5115407808739
2025-01-02 10:00:00,0.354532927043599,0.0908037825076498,41.6890901870525
2025-01-02 10:05:00,0,0.216368439030358,18.5629634611376
2025-01-02 10:10:00,1.02393208667864,0.0887891983103383,26.3537143578466
2025-01-02 10:15:00,0.915723670462025,0.232624404988835,17.701416857352
2025-01-02 10:20:00,2.27684489751605,0.683703861743798,43.8581417318305
2025-01-02 10:25:00,4.11159028001174,0.916340415392985,25.7760872499256
2025-01-02 10:30:00,1.8674946372464,0.789521015968923,26.7590694437901
2025-01-02 10:35:00,1.11334560542274,0.139579331721528,40.7805852531768
2025-01-02 10:40:00,2.18599479041767,0.0435499561026021,13.7013752097952
2025-01-02 10:45:00,3.5748505226072,0.145606707699664,30.7603347887734
2025-01-02 10:50:00,0,0.168656108983447,28.5022370364306
2025-01-02 10:55:00,2.04568838929468,0.433258736663849,13.4204881891622
2025-01-02 11:00:00,0,0.278905508359564,9.37178662381096
2025-01-02 11:05:00,0,0.372368935042862,7.2122902004645
2025-01-02 11:10:00,0,0.0475212406518405,4.51135818494339
2025-01-02 11:15:00,0.247224718123624,0.114088765132923,40.8259238527558
2025-01-02 11:20:00,0.773936321844728,0.0367552813889106,18.2040132395085
2025-01-02 11:25:00,0,0.741945942071037,12.3169944744686
2025-01-02 11:30:00,0,0.535383441930584,24.6326549358845
2025-01-02 11:35:00,0,0.801422355604798,19.6019932631191
2025-01-02 11:40:00,0,0.611167981583019,27.4432565025605
2025-01-02 11:45:00,0,0.623747463252674,6.93116756025437
2025-01-02 11:50:00,0,0.607075319000733,15.1693075817858
2025-01-02 11:55:00,0,0.412827462211039,27.7447401575711
2025-01-02 12:00:00,1.20141560949572,0.246965850773504,57.2561811630435
2025-01-02 12:05:00,1.63838063716467,0.77621473895404,34.5721306017788
2025-01-02 12:10:00,2.15284609790983,0.494043206648321,47.2487112087745
2025-01-02 12:15:00,0,1.2641149320839,22.5151860141665
2025-01-02 12:20:00,0.336171945905082,1.85694171889503,40.6429431114818
2025-01-02 12:25:00,0,0.390089451375792,54.8906372489515
2025-01-02 12:30:00,0,0.302849056754676,26.4659138728517
2025-01-02 12:35:00,1.88121320088158,0.321583793305242,24.818599832882
2025-01-02 12:40:00,0.18468712571236,0.0196407589355149,29.7629365508545
2025-01-02 12:45:00,0.273266503164745,0.0902399819808267,25.6337715465389
2025-01-02 12:50:00,0,1.84167947200066,59.2010223153381
2025-01-02 12:55:00,0,0.376590095342106,27.7711965828857
2025-01-02 13:00:00,0,0.603571722714,70.0315252887982
2025-01-02 13:05:00,0.216145369369086,0.762644553706002,54.4764124682851
2025-01-02 13:10:00,1.33513830147159,0.347968650115338,77.8154740109401
2025-01-02 13:15:00,0,0.589859625707794,41.5014269230202
2025-01-02 13:20:00,0,0.442846289714727,73.9794418284644
2025-01-02 13:25:00,0,0.121421762047935,30.0412724036797
2025-01-02 13:30:00,0.352593052219098,0.694640496901159,46.7990562335748
2025-01-02 13:35:00,0,2.12527443551257,26.8058200378894
2025-01-02 13:40:00,0.0245371129260557,1.30126867406399,34.228202046996
2025-01-02 13:45:00,0,0.425669666936364,16.720476127155
2025-01-02 13:50:00,0,0.480221742778975,65.2848576160381
2025-01-02 13:55:00,0,0.838438152723657,66.1883927728091
2025-01-02 14:00:00,0,0.5176451399435,47.1830058440271
2025-01-02 14:05:00,0,0.574513739648561,42.1177815022079
2025-01-02 14:10:00,0,1.04632576978285,54.9425312090503
2025-01-02 14:15:00,0,0.438506107156161,41.0466293093483
2025-01-02 14:20:00,0,1.25912182005538,19.2081529285562
2025-01-02 14:25:00,0,0.792112050284297,47.8703598962967
2025-01-02 14:30:00,0,0.808633653579246,32.3341603511949
2025-01-02 14:35:00,0,0.391389948970581,54.6286235164131
2025-01-02 14:40:00,0,0.584516027876771,23.8504541713524
2025-01-02 14:45:00,0,0.207675845542295,62.4170639101022
2025-01-02 14:50:00,0,0.596292754980156,58.6845428013982
2025-01-02 14:55:00,0.0950445126291856,0.902806507052717,61.368959267828
2025-01-02 15:00:00,0,0.369525525186395,24.3119638893449
2025-01-02 15:05:00,0,0.225628080118525,38.9399939063797
2025-01-02 15:10:00,0,0.118518611948212,16.7937291677807
2025-01-02 15:15:00,0,0.24426949348563,5.28788012241906
2025-01-02 15:20:00,0,0.888408344434549,1.46459313096783
2025-01-02 15:25:00,0,0.771622940195076,19.708425934525
2025-01-02 15:30:00,1.05117553703759,0.712834045867402,26.2203094745502
2025-01-02 15:35:00,0,1.2857661182143,42.0768999761406
2025-01-02 15:40:00,0,1.83269324407693,26.0633631964089
2025-01-02 15:45:00,0,1.55769289023477,18.294753938107
2025-01-02 15:50:00,0.0583703051301667,2.22552547446149,8.96898527365665
2025-01-02 15:55:00,0,1.21285879945862,10.0028351717752
2025-01-02 16:00:00,0,1.37270913480281,4.68455252527017
2025-01-02 16:05:00,0,1.74535311472764,4.54167384783645
2025-01-02 16:10:00,0,0.692604272542268,19.0556677395544
2025-01-02 16:15:00,0,0.908709248141497,8.93496611732561
2025-01-02 16:20:00,0,0.570957487436665,16.7208519604159
2025-01-02 16:25:00,0,1.40561562994983,28.476289362312
2025-01-02 16:30:00,0,1.24137732307501,31.4379502410671
2025-01-02 16:35:00,0,0.663707193106669,23.3405674976551
2025-01-02 16:40:00,0,0.622315946589275,27.9771042170914
2025-01-02 16:45:00,0,0.96417363934216,6.03082436305181
2025-01-02 16:50:00,0,1.2135311649365,8.89757135434723
2025-01-02 16:55:00,0,1.02551092839392,15.2399917904322
2025-01-02 17:00:00,0,1.8985203075742,5.70174053249187
2025-01-02 17:05:00,0,0.778903499134191,23.0974579808102
2025-01-02 17:10:00,0,1.19982971794026,27.4635722247763
2025-01-02 17:15:00,0,0.334323727939051,16.5424206468811
2025-01-02 17:20:00,0.143484173561152,2.8639751108685,22.5488029614024
2025-01-02 17:25:00,0,1.77313603049056,35.7245318432693
2025-01-02 17:30:00,0,0.414009421970082,11.2311067910619
2025-01-02 17:35:00,0,0.450791457578638,11.5625819095509
2025-01-02 17:40:00,0,0.579566775426708,61.5191517671885
2025-01-02 17:45:00,0,0.87848449436885,23.5568550542755
2025-01-02 17:50:00,0,0.697855465935471,43.9059291398528
2025-01-02 17:55:00,0,1.54757520209955,39.6658830321079
2025-01-02 18:00:00,0,1.01603978034395,28.2111322856687
2025-01-02 18:05:00,0,0.541001217998351,17.2749318394221
2025-01-02 18:10:00,0,0.901936023808375,20.5923530361674
2025-01-02 18:15:00,0,0.354027230609314,9.96813592064251
2025-01-02 18:20:00,0.134300710943112,0.78073663037031,15.6924439310794
2025-01-02 18:25:00,0,0.521647362755601,18.9578648922062
2025-01-02 18:30:00,0,0.0588148878460426,29.7716757702776
2025-01-02 18:35:00,0,0.0750612124888246,25.0570353118651
2025-01-02 18:40:00,0,0.110723445516637,72.8756678639963
2025-01-02 18:45:00,0,0.110872481411608,37.5251998993811
2025-01-02 18:50:00,0,0.288277904768057,24.0748102822168
2025-01-02 18:55:00,0,0.137678062127631,5.96353928283155
2025-01-02 19:00:00,0,0.104480480035429,41.5878226935498
2025-01-02 19:05:00,0,1.0134925627697,36.3149335792421
2025-01-02 19:10:00,0,0.324636859304869,7.06645257393255
2025-01-02 19:15:00,0.0273153392715277,0.172496568343691,37.2552783879315
2025-01-02 19:20:00,0,0.277248436479909,8.72285133550716
2025-01-02 19:25:00,0,2.59298127703497,9.33951628887697
2025-01-02 19:30:00,2.53584267800912,0.684378447483096,38.2177008260854
2025-01-02 19:35:00,0,2.08421269916794,29.4966720941938
2025-01-02 19:40:00,0.840073292393686,0.870038330507844,38.9700602464021
2025-01-02 19:45:00,0,0.331386364472268,15.4329318204706
2025-01-02 19:50:00,0.341754954311617,0.837442449014685,12.7661471318972
2025-01-02 19:55:00,0,0.88975478999583,23.1129326926344
2025-01-02 20:00:00,0.755992735704501,0.773355506206936,13.6212028326018
2025-01-02 20:05:00,0,0.339210458762293,21.2380382572019
2025-01-02 20:10:00,0,0.525177845616918,14.6144871373447
2025-01-02 20:15:00,0,0.0308606962418167,28.9282073262251
2025-01-02 20:20:00,0,0.131380057674099,23.5288207321385
2025-01-02 20:25:00,0,0.828477478085652,32.096371894907
2025-01-02 20:30:00,0,0.977243869377365,53.5156099162685
2025-01-02 20:35:00,0,1.72515890344343,52.7604878164479
2025-01-02 20:40:00,0,0.536308587725917,26.001212010903
2025-01-02 20:45:00,0,0.9418724374524,12.4967576827847
2025-01-02 20:50:00,0,1.75682640866206,67.0501224907046
2025-01-02 20:55:00,1.05021564204978,1.32985040581445,73.2599662087155
2025-01-02 21:00:00,0.140613700141019,0.713047678090615,52.0493451408099
2025-01-02 21:05:00,5.16668331413253,0.59271215558951,55.5297179212315
2025-01-02 21:10:00,6.32144859179464,0.556282710665001,37.8614433863986
2025-01-02 21:15:00,5.70431259818675,1.26667495234708,27.4531235567994
2025-01-02 21:20:00,0,0.27344453433751,64.5433231668892
2025-01-02 21:25:00,0,0.360802185382977,50.9687714806753
2025-01-02 21:30:00,0.976267963274059,0.52382712163483,29.7032057224236
2025-01-02 21:35:00,0.391769957555817,0.124449436619506,17.1800588747013
2025-01-02 21:40:00,0,0.15268704625485,38.7873211632238
2025-01-02 21:45:00,0,0.378034022601577,19.2543729289124
2025-01-02 21:50:00,0,0.620829611076607,17.6216512639144
2025-01-02 21:55:00,0,0.586253816399359,21.4973872405742
2025-01-02 22:00:00,0,0.766238192494329,11.2495006904362
2025-01-02 22:05:00,0,1.0625714929065,23.0595748072438
2025-01-02 22:10:00,0,0.849055801077784,25.5316559707751
2025-01-02 22:15:00,0,0.494690965186576,25.6096636572628
2025-01-02 22:20:00,0.260103239521845,0.417799778270926,46.6491055697573
2025-01-02 22:25:00,0,0.293774878429115,40.6161045502469
2025-01-02 22:30:00,0,0.428038688100145,37.1705848087084
2025-01-02 22:35:00,0.566401849243867,0.569391503014295,35.8295325591451
2025-01-02 22:40:00,0.232475594221788,0.936339556509892,18.1376151616677
2025-01-02 22:45:00,0.0322306668654252,0.287846440238749,32.9163873604747
2025-01-02 22:50:00,0,0.155765567653889,11.4791182662741
2025-01-02 22:55:00,0.0326835846055477,0.415039670810046,19.9561906504908
2025-01-02 23:00:00,0,0.35541950738184,24.2528576489505
2025-01-02 23:05:00,0,1.90121023947851,57.6581207995259
2025-01-02 23:10:00,0,0.762126536292579,50.282133638492
2025-01-02 23:15:00,0,1.82039266087732,24.3659772884868
2025-01-02 23:20:00,0,2.26379522466901,26.4358235045219
2025-01-02 23:25:00,0,0.427389279487916,21.458163218609
2025-01-02 23:30:00,0,0.564680632844993,14.7391229581101
2025-01-02 23:35:00,0.466882532914528,0.512113247671476,7.59483066156833
2025-01-02 23:40:00,0,0.586252426625829,8.90984234100011
2025-01-02 23:45:00,0,0.737568830922459,17.9590887805285
2025-01-02 23:50:00,0,0.0892130324130417,45.3043653146909
2025-01-02 23:55:00,0,0.139405763281234,43.5109437349977
2025-01-03,0.3055040989761,0.622837102296443,22.683881761269
2025-01-03 00:05:00,1.44311386950348,0.211044000376119,61.9030096496423
2025-01-03 00:10:00,0.507353013426749,0.151235078923707,17.6376286971159
2025-01-03 00:15:00,0,0.0345824139892284,31.9733672333994
2025-01-03 00:20:00,0,0.106845713251907,29.4754124153173
2025-01-03 00:25:00,0.643259094130678,0.0304026563520213,28.3460492076165
2025-01-03 00:30:00,0.137734141253568,0.0328924679836287,37.2342980788507
2025-01-03 00:35:00,0.300516513175756,0.0288273587217902,50.0796099198214
2025-01-03 00:40:00,0.105357866260361,0.160796282913739,66.5351311496878
2025-01-03 00:45:00,0,0.0729991763660205,66.2355149241016
2025-01-03 00:50:00,0,0.0356891307252539,16.3694655234606
2025-01-03 00:55:00,0,0.207960772720478,34.8349955771992
2025-01-03 01:00:00,0,0.0953398321297929,46.9620598116464
2025-01-03 01:05:00,0,0.357975976298356,74.1851457965268
2025-01-03 01:10:00,0,0.049948962007206,77.6530307351578
2025-01-03 01:15:00,0,0.117920236805163,26.9325332006445
2025-01-03 01:20:00,0,0.727077941197752,61.9124198361133
2025-01-03 01:25:00,0,2.03828383681228,65.4289347927731
2025-01-03 01:30:00,0,0.508567492684895,21.5935324959389
2025-01-03 01:35:00,0,0.612156701914949,36.9663638071993
2025-01-03 01:40:00,0,0.801322324832415,39.0854974099611
2025-01-03 01:45:00,0,0.12974397244941,32.220427270786
2025-01-03 01:50:00,0,0.444991643045713,64.1177783608309
2025-01-03 01:55:00,0.00215794423146548,0.478956899513448,30.8329722843597
2025-01-03 02:00:00,0,0.154812336322779,30.7543301464275
2025-01-03 02:05:00,0.153090564358435,0.597800449159801,29.4604481304128
2025-01-03 02:10:00,0,1.12610047704697,22.4938843883973
2025-01-03 02:15:00,0.161321834712293,0.280647756979526,24.6633641954282
2025-01-03 02:20:00,0,0.695183023055683,18.8404186817143
2025-01-03 02:25:00,0.0628960732163026,0.563258767074799,38.6021586364457
2025-01-03 02:30:00,0,0.220957518581641,30.6577941533665
2025-01-03 02:35:00,0,0.00265222206315968,10.541121912092
2025-01-03 02:40:00,0,0.17020299578397,17.3623554691868
2025-01-03 02:45:00,1.78547330250536,0.0413132007219731,40.5293315854672
2025-01-03 02:50:00,0.0184782172418374,0.00032595580398086,32.5204048685479
2025-01-03 02:55:00,0,0.00194576260708503,17.4520943373935
2025-01-03 03:00:00,0,0.00343427416490646,22.3108186369093
2025-01-03 03:05:00,0.255690213915688,0.0106921182888324,29.7533813951558
2025-01-03 03:10:00,0.576144113174107,0.0440489600828574,34.0140293505886
2025-01-03 03:15:00,0.289705676758378,0.11612357953048,20.9622401258336
2025-01-03 03:20:00,0.419148878330906,0.0182314124012762,25.6680875495558
2025-01-03 03:25:00,0.170914453074527,0.0476668874263824,37.4791466627904
2025-01-03 03:30:00,0,0.135901270796392,20.1197022026672
2025-01-03 03:35:00,0,0.985742444679383,19.404387436754
2025-01-03 03:40:00,0,0.63680181619587,11.0668948551791
2025-01-03 03:45:00,0,0.296606057542827,23.2801441283098
2025-01-03 03:50:00,0.575524406460023,0.522097754242755,45.8280583124807
2025-01-03 03:55:00,0,0.909805775852137,19.0354118931734
2025-01-03 04:00:00,0,0.0445184217793321,24.6717462806118
2025-01-03 04:05:00,0.712454804567474,0.324854164262083,38.4789896984906
2025-01-03 04:10:00,0.136697537718086,0.0537771554115358,33.8911226730241
2025-01-03 04:15:00,0,0.0644971307265693,45.317633394622
2025-01-03 04:20:00,0,0.0476589893737552,61.2221067748024
2025-01-03 04:25:00,0,0.0989387222887212,67.4922894807573
2025-01-03 04:30:00,0.0303697513926909,0.0775651067775042,63.9651560193332
2025-01-03 04:35:00,0,0.00797514159881696,36.8745853618703
2025-01-03 04:40:00,0.132041186778306,0.201863561844847,44.4260358508296
2025-01-03 04:45:00,0,0.0302877810896296,54.0440139241193
2025-01-03 04:50:00,0,0.661132083531282,48.037989332194
2025-01-03 04:55:00,0,0.209801325411641,37.8981781271019
2025-01-03 05:00:00,0,0.248148608324395,47.0919544552045
2025-01-03 05:05:00,0,0.0999497743897691,67.962218369202
2025-01-03 05:10:00,0,0.161987383820366,30.9767194585371
2025-01-03 05:15:00,0,0.769634992607955,33.5186307792343
2025-01-03 05:20:00,0,0.911485072911534,24.13134908787
2025-01-03 05:25:00,0,0.895925640955229,20.2833840312295
2025-01-03 05:30:00,1.08891489816012,1.04705957830882,56.4344619434784
2025-01-03 05:35:00,0.520149055011275,0.608416236276875,37.0499041901512
2025-01-03 05:40:00,1.58852987092237,2.11777347655084,13.3001328695694
2025-01-03 05:45:00,2.60535796722687,1.67940274144748,11.8827255716516
2025-01-03 05:50:00,3.7817240032381,0.871120534788048,14.8667476864866
2025-01-03 05:55:00,7.42176981510876,1.01927186431423,18.9149749711659
2025-01-03 06:00:00,6.91593990486252,0.874851743711485,25.9488192559782
2025-01-03 06:05:00,4.32392635176568,1.06689016592404,62.4989236935316
2025-01-03 06:10:00,1.51216908478279,1.1118570813392,52.6104390340852
2025-01-03 06:15:00,0,0.504151277749898,37.2586525982041
2025-01-03 06:20:00,0,1.84017149005446,39.6413844024861
2025-01-03 06:25:00,0.67215154418679,0.738049516474246,43.8256339732739
2025-01-03 06:30:00,0,0.402317032543212,23.6221770162149
2025-01-03 06:35:00,0,0.555568963350063,11.7753777570067
2025-01-03 06:40:00,1.59480585615189,1.42652878688463,11.5447082775676
2025-01-03 06:45:00,0.0884197519193102,0.579421186421406,7.68384066803348
2025-01-03 06:50:00,0,0.513546979316143,18.1415888743677
2025-01-03 06:55:00,2.40174354189486,1.01604146841927,43.8430767137706
2025-01-03 07:00:00,0,0.309498485108393,39.114210748858
2025-01-03 07:05:00,1.07968088508258,0.455418591625317,46.3904776129757
2025-01-03 07:10:00,0.158280398300325,0.549357476357769,36.9346950257661
2025-01-03 07:15:00,0,0.261148127041167,16.5513872710132
2025-01-03 07:20:00,0,0.166154943123812,8.56837568996108
2025-01-03 07:25:00,0,0.134283688930667,22.8883664562734
2025-01-03 07:30:00,0,0.216587735316395,11.4365606887601
2025-01-03 07:35:00,0,0.351292679847313,11.8036044006956
2025-01-03 07:40:00,0,0.346200755540486,14.4487641715471
2025-01-03 07:45:00,0.161524100877323,0.483130097155024,23.7291926546654
2025-01-03 07:50:00,0,0.282677075928927,15.5921095974221
2025-01-03 07:55:00,0.774519668971485,0.192488761585141,14.6307293132751
2025-01-03 08:00:00,1.37224684085547,0.55679070381709,17.4706783704418
2025-01-03 08:05:00,0,0.930466827197556,28.3882657499461
2025-01-03 08:10:00,0,0.585975011996166,18.0425684241392
2025-01-03 08:15:00,0.630681747597804,0.423611567370537,32.0954266288255
2025-01-03 08:20:00,0,0.368603169074324,21.9202913968292
2025-01-03 08:25:00,0,0.401400384671317,42.4856514068989
2025-01-03 08:30:00,0,0.335044458777629,34.9361190915095
2025-01-03 08:35:00,0.672434027660792,0.0468679138725372,19.8682696770284
2025-01-03 08:40:00,8.08845671756568,0.225446984694175,12.1585610428019
2025-01-03 08:45:00,1.76554601031373,0.342284779851492,19.9606926945036
2025-01-03 08:50:00,3.86472543110991,0.451040683300059,27.9425563484664
2025-01-03 08:55:00,4.1971561000591,0.78833745716481,33.6074488515153
2025-01-03 09:00:00,3.17505420945754,0.267967846566784,11.017880498355
2025-01-03 09:05:00,1.89906179709952,0.36195738814492,20.6153584255368
2025-01-03 09:10:00,5.10175567470418,0.177088806950309,18.2689774577022
2025-01-03 09:15:00,0.481587515289663,0.269933239054162,12.7277053340425
2025-01-03 09:20:00,0.149940331916386,0.140507249188312,4.85282504625227
2025-01-03 09:25:00,0,0.292270663197089,11.0577412082748
2025-01-03 09:30:00,0,0.262635910147876,4.56571737007428
2025-01-03 09:35:00,2.33772785958897,0.101561863183328,15.9568379295141
2025-01-03 09:40:00,0.00208449890979187,0.13487609827573,6.09839884696982
2025-01-03 09:45:00,0,0.50369544718036,31.1535575033713
2025-01-03 09:50:00,0,0.0948798652990961,19.7546358376275
2025-01-03 09:55:00,0,0.00201871771754336,12.4454969570002
2025-01-03 10:00:00,0,0.241377885425526,4.16199575178881
2025-01-03 10:05:00,0,0.0767070924082747,9.19504710633526
2025-01-03 10:10:00,0.389024366369716,1.07567968446654,29.5450279479369
2025-01-03 10:15:00,0.816365535264999,0.0898412836852688,23.2380426296551
2025-01-03 10:20:00,4.42444348009144,0.482787618759697,18.5293185011084
2025-01-03 10:25:00,0.33242513257027,0.161597920425034,21.8823464219599
2025-01-03 10:30:00,0,0.250444380262007,36.808944706222
2025-01-03 10:35:00,0,0.581100162464262,44.0718800129086
2025-01-03 10:40:00,0.465405123869204,0.589902610048052,45.4969249603249
2025-01-03 10:45:00,0,0.0996514948055944,60.4432926757868
2025-01-03 10:50:00,0,0.718110571614853,31.4233940925999
2025-01-03 10:55:00,0,0.992756213346644,19.2242902477805
2025-01-03 11:00:00,2.76253670003501,0.577214610955217,8.34151003907359
2025-01-03 11:05:00,0.676508776004301,0.58434383428044,6.0921574093039
2025-01-03 11:10:00,0.882918279155884,1.11121212219156,13.0544497096441
2025-01-03 11:15:00,3.72641901504038,1.31544522929729,22.7948674068763
2025-01-03 11:20:00,1.62771747569811,0.821557964965392,11.8635942281606
2025-01-03 11:25:00,2.05362404431299,0.478145014530137,13.8262879890289
2025-01-03 11:30:00,1.85993158165606,0.179654342807768,41.2270571242268
2025-01-03 11:35:00,1.21597054762422,0.110313297060479,37.1332018690174
2025-01-03 11:40:00,1.27776443058265,0.216975758873415,47.5614719482758
2025-01-03 11:45:00,0.0257183117371941,0.346588966957243,31.8200751236471
2025-01-03 11:50:00,0,0.295926743036961,35.7545668371755
2025-01-03 11:55:00,0,0.110805541210937,10.0690170820517
2025-01-03 12:00:00,0,0.0352999144763953,38.2415460956347
2025-01-03 12:05:00,0,0.294635770124147,22.227177064681
2025-01-03 12:10:00,0,0.118515129539269,23.9306596789817
2025-01-03 12:15:00,0,0.0214937691862256,42.7244029383356
2025-01-03 12:20:00,0,0.136142246313641,38.9231909582947
2025-01-03 12:25:00,0,0.0207408656491843,13.6171434780039
2025-01-03 12:30:00,0,0.0882473907171312,1.51425181051306
2025-01-03 12:35:00,0,0.120861671080698,3.61848673633235
2025-01-03 12:40:00,0,0.405948544880156,4.00049254094444
2025-01-03 12:45:00,0,1.26396331134472,3.83261815444852
2025-01-03 12:50:00,0,0.447329062521175,12.003229035706
2025-01-03 12:55:00,0,0.299001992644473,13.532874378599
2025-01-03 13:00:00,0,0.497781333130537,5.72978279423676
2025-01-03 13:05:00,0,0.190157026310035,18.2342800750158
2025-01-03 13:10:00,0,0.080769799247358,45.4779238617473
2025-01-03 13:15:00,0,0.178214412603964,50.7348945823495
2025-01-03 13:20:00,0,0.203182784803597,27.5960725143601
2025-01-03 13:25:00,0,0.299415108943157,24.7029042355482
2025-01-03 13:30:00,0,0.214253917932313,23.1307894570369
2025-01-03 13:35:00,0,0.417264498744348,24.5800116281637
2025-01-03 13:40:00,0,0.0514476547261269,20.9813354638105
2025-01-03 13:45:00,0,0.2106418715605,10.2394425775376
2025-01-03 13:50:00,0,0.214470395115542,15.2280897469868
2025-01-03 13:55:00,0,0.0160699446990131,12.0051144504091
2025-01-03 14:00:00,0,0.0160864734787811,14.8909512511131
2025-01-03 14:05:00,0,0.0255973110674946,50.0170605495094
2025-01-03 14:10:00,0,0.052008019513184,32.8033131783299
2025-01-03 14:15:00,0,0.10123118052609,10.6860408654012
2025-01-03 14:20:00,0,0.00919159395593716,5.76744158426064
2025-01-03 14:25:00,0,0.00809978875494465,8.13421031381519
2025-01-03 14:30:00,0,0.0271955946393917,9.6307093961629
2025-01-03 14:35:00,0,0.00276340400485445,16.8304585734422
2025-01-03 14:40:00,0,0.0441491186249006,19.4257637073735
2025-01-03 14:45:00,0,0.0286585063527644,10.0055783025849
2025-01-03 14:50:00,0,0.0394362821365551,33.7575568969858
2025-01-03 14:55:00,0.0596785134472941,0.751105773149781,32.2610111036767
2025-01-03 15:00:00,0,0.241953278562342,26.4657891513781
2025-01-03 15:05:00,0.682349101436625,0.613104039429488,28.8832150096771
2025-01-03 15:10:00,2.35038217986008,0.246703210817556,57.1652278179505
2025-01-03 15:15:00,0.162673576552763,0.422763887022467,14.8039201630809
2025-01-03 15:20:00,0,0.869452562570025,24.3578197018025
2025-01-03 15:25:00,0,0.442800089363406,7.94648939260148
2025-01-03 15:30:00,0,0.724328040828475,34.4782428294299
2025-01-03 15:35:00,0,1.39163618806671,9.42727918716505
2025-01-03 15:40:00,0,1.38276776200393,23.9938545324638
2025-01-03 15:45:00,0,0.726707558801483,50.7228270021147
2025-01-03 15:50:00,0,1.12189994274753,51.8802905497391
2025-01-03 15:55:00,0,0.635198628686438,30.590919386831
2025-01-03 16:00:00,0,0.991824457824503,33.062787786087
2025-01-03 16:05:00,0,1.30801231625827,49.0812841443936
2025-01-03 16:10:00,0,0.358214163171285,29.012550612759
2025-01-03 16:15:00,0,0.685145398181902,9.87867477373081
2025-01-03 16:20:00,0,0.646594156556191,21.1615625359168
2025-01-03 16:25:00,0,0.108522457561996,14.3110247549929
2025-01-03 16:30:00,0,1.31199608100667,26.1006351522486
2025-01-03 16:35:00,0,0.187189943535233,31.8927400292687
2025-01-03 16:40:00,0,0.092391903392704,39.3683081714468
2025-01-03 16:45:00,0,0.387743401037246,25.0833108148414
2025-01-03 16:50:00,0,0.659263168363647,54.0911530938792
2025-01-03 16:55:00,0,0.200078073391548,41.8909563658691
2025-01-03 17:00:00,0,0.0649254052052989,46.9931808449327
2025-01-03 17:05:00,0.494471284502375,0.477626384891053,41.2863598318168
2025-01-03 17:10:00,0,0.300200765396029,62.1470768948287
2025-01-03 17:15:00,0,0.400435129555875,70.346238650961
2025-01-03 17:20:00,0.288211031970732,0.423565887922819,42.8884483155945
2025-01-03 17:25:00,0.0413924526346236,0.127727802833313,46.8767644742154
2025-01-03 17:30:00,0,0.0610313841725206,31.9466229626948
2025-01-03 17:35:00,0.252377237207269,0.248684575535781,33.4298679666
2025-01-03 17:40:00,0,0.212601193940775,11.7317075023907
2025-01-03 17:45:00,0,0.225191067111592,28.9032564290664
2025-01-03 17:50:00,0,1.55559449032214,41.4294041421243
2025-01-03 17:55:00,0,0.400163884889869,41.1146329770428
2025-01-03 18:00:00,0,0.32512586020893,22.2289127360721
2025-01-03 18:05:00,0,0.327654333147444,46.8557408653725
2025-01-03 18:10:00,0,0.0973499361298564,49.8278925205736
2025-01-03 18:15:00,0,0.4959333719451,65.8723117609962
2025-01-03 18:20:00,0,1.78349860137069,38.9336947145364
2025-01-03 18:25:00,0,1.69002667239131,45.5487867120067
2025-01-03 18:30:00,0,0.383625339057054,39.7118757159339
2025-01-03 18:35:00,0,1.13623477784858,46.0579823896485
2025-01-03 18:40:00,0,0.741211631833397,31.4282539020262
2025-01-03 18:45:00,0,0.710242051043245,21.5928403749011
2025-01-03 18:50:00,0,0.63143130603165,30.8823385581113
2025-01-03 18:55:00,0,1.63482786386514,20.6527832911135
2025-01-03 19:00:00,0,1.1798915768173,29.8089142298924
2025-01-03 19:05:00,0,0.742961175237379,20.0751456356399
2025-01-03 19:10:00,0,0.699069783344351,60.8792143317018
2025-01-03 19:15:00,0,0.42446339680572,29.9300234121305
2025-01-03 19:20:00,0,0.408229017717896,29.7753672560763
2025-01-03 19:25:00,0,0.592746214860487,21.3471512969799
2025-01-03 19:30:00,0,1.44869418262212,28.2218638916706
2025-01-03 19:35:00,0,0.518505556861763,51.4824172603662
2025-01-03 19:40:00,0,0.329878985471996,39.9711010197782
2025-01-03 19:45:00,0.128610887996988,0.0689355148315103,30.5498750888467
2025-01-03 19:50:00,0,0.238103042861814,81.0393714698536
2025-01-03 19:55:00,0,0.135461035620261,38.5077467895356
2025-01-03 20:00:00,0,0.0612227712065899,35.5151904627199
2025-01-03 20:05:00,1.47327738786894,0.397558168213011,12.5838002031967
2025-01-03 20:10:00,0,0.168517658218387,15.0411829374291
2025-01-03 20:15:00,0,0.303269173845622,22.9056890533725
2025-01-03 20:20:00,0,0.221348910463129,15.552469156132
2025-01-03 20:25:00,0,1.00066532938852,20.8255840870014
2025-01-03 20:30:00,0,1.18145828299956,17.7369776133292
2025-01-03 20:35:00,0,0.261080616239436,29.9795099783974
2025-01-03 20:40:00,0,0.257405181960156,33.998836615345
2025-01-03 20:45:00,0,1.56880523890505,27.717736590411
2025-01-03 20:50:00,0,0.571241653398969,41.5774396251009
2025-01-03 20:55:00,0,0.337411178092414,1.7419445021739
2025-01-03 21:00:00,0,0.562339699805756,5.14309549157521
2025-01-03 21:05:00,0.146573051514361,0.285815002510646,47.0532566048339
2025-01-03 21:10:00,0,0.841660164776357,28.3368418285873
2025-01-03 21:15:00,0,2.42197825318661,40.9691819077538
2025-01-03 21:20:00,0,0.93370105563557,28.7388035088915
2025-01-03 21:25:00,0,0.580275525222064,8.13263803456469
2025-01-03 21:30:00,0,0.045187018290581,21.1204684878981
2025-01-03 21:35:00,0,0.0841350457566339,30.4285212567382
2025-01-03 21:40:00,0,0.719258226254337,14.1713796078902
2025-01-03 21:45:00,0,0.303272213046954,21.4797677671536
2025-01-03 21:50:00,0,0.771745524597836,26.8112267455957
2025-01-03 21:55:00,0,0.0925567123667849,18.0278240531021
2025-01-03 22:00:00,0,0.0122802224090297,15.0285771698773
2025-01-03 22:05:00,1.37534065202936,0.0572098001688803,13.3168129964162
2025-01-03 22:10:00,2.53656042358692,0.135730533966425,40.5124551065033
2025-01-03 22:15:00,0,0.0518546880866052,32.65212960795
2025-01-03 22:20:00,4.80574427065194,0.207661039645829,33.1104348880956
2025-01-03 22:25:00,5.16465731115821,0.213039223820431,33.012719642318
2025-01-03 22:30:00,0.776296331043447,0.0774000914416568,12.0840550764052
2025-01-03 22:35:00,0.784257731792229,0.140707421078408,55.4467740983364
2025-01-03 22:40:00,0,0.00843819140734597,44.6879213519461
2025-01-03 22:45:00,0,0.603027455917782,41.4882948769646
2025-01-03 22:50:00,0,0.586826365318925,34.6473716246828
2025-01-03 22:55:00,0,2.06045891415754,44.5454598927297
2025-01-03 23:00:00,0.792176815698661,0.565448465234533,35.9089463114
2025-01-03 23:05:00,0,0.09226056698729,37.4404644121654
2025-01-03 23:10:00,0,0.178921491093469,19.3017332872459
2025-01-03 23:15:00,0,0.454043021067337,23.1591945374991
2025-01-03 23:20:00,0,1.17977126278058,28.3755040910629
2025-01-03 23:25:00,0,0.243798236591887,37.0514130160022
2025-01-03 23:30:00,0,0.219869886527868,28.3751743060325
2025-01-03 23:35:00,0,0.296976328822082,25.0584584706402
2025-01-03 23:40:00,0,0.330867764779778,27.2272423488226
2025-01-03 23:45:00,0,0.144174731065534,41.8753743196666
2025-01-03 23:50:00,0,0.134448168483188,9.67643917223453
2025-01-03 23:55:00,0,0.245884989836008,19.9141069062914
